mean_fit_time,std_fit_time,mean_score_time,std_score_time,param_model__C,param_model__class_weight,param_model__l1_ratio,params,split0_test_pr_auc,split1_test_pr_auc,split2_test_pr_auc,split3_test_pr_auc,split4_test_pr_auc,mean_test_pr_auc,std_test_pr_auc,rank_test_pr_auc,split0_test_roc_auc,split1_test_roc_auc,split2_test_roc_auc,split3_test_roc_auc,split4_test_roc_auc,mean_test_roc_auc,std_test_roc_auc,rank_test_roc_auc,split0_test_precision,split1_test_precision,split2_test_precision,split3_test_precision,split4_test_precision,mean_test_precision,std_test_precision,rank_test_precision,split0_test_recall,split1_test_recall,split2_test_recall,split3_test_recall,split4_test_recall,mean_test_recall,std_test_recall,rank_test_recall,split0_test_f1,split1_test_f1,split2_test_f1,split3_test_f1,split4_test_f1,mean_test_f1,std_test_f1,rank_test_f1
4.863182497024536,0.7873262334346707,0.19466915130615234,0.0302193090126372,0.03,,0.0,"{'model__C': 0.03, 'model__class_weight': None, 'model__l1_ratio': 0.0}",0.8456018248458943,0.8659402480039735,0.8499053960386135,0.8336587191463618,0.8266599812347963,0.8443532338539278,0.01360741340137276,5,0.896461920330543,0.911271226146307,0.8985911645685487,0.887621948020702,0.885474589875404,0.895884169788301,0.009176565613493715,5,0.8241206030150754,0.8586118251928021,0.8284250960307298,0.8173690932311622,0.8254397834912043,0.8307932801921947,0.014372703888800815,3,0.6520874751491054,0.6640159045725647,0.643141153081511,0.6361829025844931,0.6063618290258449,0.6403578528827039,0.01938140374863452,22,0.7280799112097669,0.7488789237668162,0.7241186345831002,0.7154835103409726,0.6991404011461319,0.7231402762093575,0.016263180646758624,22
2.4926110744476317,0.34776108562749825,0.21806936264038085,0.09415618632904535,0.03,,1.0,"{'model__C': 0.03, 'model__class_weight': None, 'model__l1_ratio': 1.0}",0.8464514718149468,0.8631135711328679,0.8449488323724434,0.8276200807093997,0.8209858285706982,0.8406239569200713,0.014921153484485509,24,0.8958085804698437,0.9096512824780165,0.8935947553984555,0.883760901379711,0.8821047316465341,0.8929840502745122,0.009895186812213554,24,0.8283870967741935,0.8448717948717949,0.833116036505867,0.823841059602649,0.825136612021858,0.8310705199552724,0.0076070552463004095,2,0.6381709741550696,0.6550695825049702,0.6351888667992047,0.6182902584493042,0.6003976143141153,0.6294234592445328,0.01862219328405008,24,0.720943290286356,0.7379619260918253,0.7208121827411168,0.7064168086314594,0.6950517836593786,0.7162371982820273,0.014562303586908541,24
4.60538387298584,0.6144435335424187,0.18743247985839845,0.005406414577932156,0.03,balanced,0.0,"{'model__C': 0.03, 'model__class_weight': 'balanced', 'model__l1_ratio': 0.0}",0.8459061657631398,0.8659641631490895,0.8498444431129502,0.8336377898669924,0.8264339855943519,0.8443573094973047,0.013678577094220145,4,0.896456943364845,0.9114629782723136,0.8986879451227123,0.8878331467066571,0.8855234546295283,0.8959928936192114,0.009197747402301596,3,0.705253784505788,0.7292418772563177,0.7072072072072072,0.6906934306569343,0.7017045454545454,0.7068201690161586,0.012582349970760518,18,0.7872763419483101,0.8031809145129225,0.7803180914512923,0.7524850894632207,0.7365805168986084,0.7719681908548708,0.024125393907232433,1,0.7440112728980742,0.7644276253547777,0.7419659735349716,0.7202664129400571,0.7187196896217265,0.7378781948699215,0.01694945441997632,2
2.317972469329834,0.33914782913698,0.1890869617462158,0.022759541090009102,0.03,balanced,1.0,"{'model__C': 0.03, 'model__class_weight': 'balanced', 'model__l1_ratio': 1.0}",0.8467161368009893,0.8641930889520754,0.8452518889902833,0.82794417405296,0.8216354020063157,0.8411481381605247,0.015059911534239407,23,0.8961954264399946,0.9105697932514105,0.8938982121827724,0.884625821051851,0.8826422439419017,0.893586299373586,0.009953958197555037,23,0.7078853046594982,0.7284287011807448,0.7038043478260869,0.6927322907083716,0.6987839101964453,0.7063269109142294,0.012157233295071655,19,0.7852882703777336,0.7972166998011928,0.7723658051689861,0.7485089463220675,0.742544731610338,0.7691848906560637,0.02093997195619815,5,0.7445805843543827,0.7612719506407214,0.7364928909952607,0.7195413282369804,0.72,0.736377350845469,0.015739865097788384,8
5.0031708717346195,0.3367325646435094,0.21406264305114747,0.04890883287674407,0.1,,0.0,"{'model__C': 0.1, 'model__class_weight': None, 'model__l1_ratio': 0.0}",0.844012974812768,0.8652123553098797,0.8506373554978511,0.8331142296775607,0.8261830150143452,0.8438319860624809,0.013636879996679221,7,0.8956502224703667,0.9107954637959323,0.8992478251510048,0.8872719099416241,0.8852429347447405,0.8956416712207336,0.009174186316739595,8,0.8209331651954602,0.8597168597168597,0.8305732484076433,0.8180661577608143,0.8190348525469169,0.8296648567255389,0.015669826436350513,4,0.647117296222664,0.6640159045725647,0.6481113320079522,0.6391650099403579,0.6073558648111332,0.6411530815109344,0.018723792728383457,21,0.7237354085603113,0.749298934380258,0.7280848687883864,0.7176339285714286,0.6974885844748858,0.723248344955054,0.016717352269249235,21
4.7586273670196535,0.5977965416821305,0.18018579483032227,0.012109807221346415,0.1,,1.0,"{'model__C': 0.1, 'model__class_weight': None, 'model__l1_ratio': 1.0}",0.847539570327004,0.8663293727563451,0.8496529522824797,0.8325430571155727,0.8256337719536322,0.8443397448870067,0.014220323873010685,6,0.8967944721294445,0.9115995564375348,0.89784043690541,0.8869575992633825,0.8853646441786241,0.8957113417828791,0.00940025256801528,7,0.8286802030456852,0.8595360824742269,0.8316195372750642,0.8169014084507042,0.8213802435723951,0.8316234949636151,0.014895902489425544,1,0.6491053677932406,0.6630218687872763,0.643141153081511,0.6341948310139165,0.6033797216699801,0.638568588469185,0.019936303994785964,23,0.7279821627647715,0.7485970819304153,0.7253363228699552,0.7140458869613878,0.695702005730659,0.7223326920514378,0.01737021062431824,23
5.192232227325439,0.6204492124814887,0.25588502883911135,0.05108481896185502,0.1,balanced,0.0,"{'model__C': 0.1, 'model__class_weight': 'balanced', 'model__l1_ratio': 0.0}",0.8441148968611486,0.8651728311756458,0.8504690796785669,0.8331070630483658,0.8261103098559428,0.8437948361239339,0.013628188441397416,9,0.8956063346819403,0.9109460615741403,0.8992161679603906,0.8875075298889104,0.885322566195906,0.8957197320602575,0.00916100819722809,6,0.7072072072072072,0.7235772357723578,0.7044642857142858,0.6914600550964187,0.6983082706766918,0.7050034108933922,0.010755293892318388,23,0.7803180914512923,0.7962226640159046,0.7842942345924453,0.7485089463220675,0.7385685884691849,0.7695825049701789,0.022123940744721356,4,0.7419659735349716,0.7581637482252721,0.742238946378175,0.718854415274463,0.7178743961352657,0.7358194959096295,0.015414893512000736,11
6.465791130065918,2.0111845865953315,0.36564054489135744,0.3492414180770928,0.1,balanced,1.0,"{'model__C': 0.1, 'model__class_weight': 'balanced', 'model__l1_ratio': 1.0}",0.8477633221094624,0.8665307327476712,0.8502719940491563,0.8327616547814928,0.8253476807059903,0.8445350768787545,0.014379932564267103,2,0.8969831443745356,0.9119274344831829,0.8983921765132589,0.8876454647908726,0.8854325118926858,0.8960761464109073,0.0094001417290077,1,0.7080357142857143,0.7261261261261261,0.7106460418562329,0.6966911764705882,0.6998106060606061,0.7082619329598535,0.010297299448807393,13,0.7882703777335984,0.8011928429423459,0.7763419483101391,0.7534791252485089,0.7345924453280318,0.7707753479125249,0.023961005280239374,3,0.7460018814675446,0.7618147448015122,0.7420427553444181,0.7239732569245463,0.7167798254122212,0.7381224927900485,0.016090284995481857,1
7.823007869720459,1.4321717267986573,0.20210256576538085,0.040829123515790745,0.3,,0.0,"{'model__C': 0.3, 'model__class_weight': None, 'model__l1_ratio': 0.0}",0.8426879875281693,0.8647842917319224,0.8506519810288972,0.832582704697465,0.8253241942188043,0.8432062318410516,0.01381265380210576,11,0.8950520816837708,0.9103730664240219,0.8992984766559876,0.8868852399705497,0.8847787195805593,0.8952775168629777,0.009216828207615308,12,0.8190954773869347,0.8619354838709677,0.8335451080050826,0.8162230671736375,0.8170894526034713,0.8295777178080188,0.01736056470965845,5,0.6481113320079522,0.6640159045725647,0.6520874751491054,0.6401590457256461,0.6083499005964215,0.6425447316103379,0.01875121450902839,19,0.7236403995560489,0.7501403705783268,0.7317345231455661,0.7175487465181059,0.6974358974358974,0.724099987446789,0.01726552266117119,17
11.426859617233276,1.4863947582937178,0.23222556114196777,0.04862362102443369,0.3,,1.0,"{'model__C': 0.3, 'model__class_weight': None, 'model__l1_ratio': 1.0}",0.8464196034486353,0.8651612685930571,0.8513954208538453,0.833756034367334,0.826599098920414,0.8446662852366572,0.013519293835873848,1,0.8961320832402038,0.9107837054108471,0.8996779106977788,0.8877368183980737,0.8853786701728636,0.8959418375839533,0.00909041607307295,4,0.8234552332912989,0.8558673469387755,0.8310038119440915,0.8177215189873418,0.8164893617021277,0.8289074545727271,0.014424225545811943,7,0.6491053677932406,0.6669980119284294,0.6500994035785288,0.6421471172962226,0.610337972166998,0.6437375745526839,0.018592455531989165,13,0.725958866036687,0.7497206703910615,0.7295036252091467,0.7193763919821826,0.6985210466439136,0.7246161200525982,0.01651869684682211,13
6.065504026412964,0.522378641681546,0.22817320823669435,0.07556185918567383,0.3,balanced,0.0,"{'model__C': 0.3, 'model__class_weight': 'balanced', 'model__l1_ratio': 0.0}",0.8426878945525763,0.864715883755777,0.8503754644091192,0.8325517481983159,0.8254492516378196,0.8431560485107216,0.01373424530471476,12,0.8949674732669075,0.9105765769351135,0.8991872242432575,0.8871271913559589,0.8849578903456818,0.8953632712293839,0.009190526711693382,11,0.7102888086642599,0.7260397830018083,0.7054610564010743,0.6918819188191881,0.6965127238454288,0.7060368581463519,0.01191301032625544,21,0.7823061630218688,0.7982107355864811,0.7833001988071571,0.7455268389662028,0.7345924453280318,0.7687872763419483,0.02436989776113829,8,0.7445600756859035,0.7604166666666666,0.74234573716439,0.7177033492822966,0.7150459603289792,0.7360143578256471,0.01722530152016847,10
10.70435528755188,0.9739280983234924,0.19774627685546875,0.023988003091344322,0.3,balanced,1.0,"{'model__C': 0.3, 'model__class_weight': 'balanced', 'model__l1_ratio': 1.0}",0.8460745444052621,0.8652837081732846,0.851425447889842,0.8335434040332554,0.8263173340471748,0.8445288877097639,0.013660568859479838,3,0.8959076673323737,0.9110853532128432,0.8997018797135297,0.8880909266873734,0.8854655408468624,0.8960502735585966,0.009108193601931729,2,0.7099373321396598,0.7191413237924866,0.7084837545126353,0.6910420475319927,0.6947565543071161,0.7046722024567781,0.01035090521047385,24,0.7882703777335984,0.7992047713717694,0.7803180914512923,0.7514910536779325,0.7375745526838966,0.7713717693836978,0.02314204120640719,2,0.7470560527555347,0.7570621468926554,0.7426679280983917,0.72,0.7155255544840887,0.736462336446134,0.01602776181269974,6
9.285369682312012,0.5863878071224592,0.17819609642028808,0.01042641870815766,1.0,,0.0,"{'model__C': 1.0, 'model__class_weight': None, 'model__l1_ratio': 0.0}",0.8415254414890871,0.864489158933458,0.8503462807557292,0.8322221938118868,0.8246573052031426,0.8426480760386607,0.01392783128615426,15,0.8947344607819627,0.910045188378374,0.8991451654042983,0.886706150720789,0.8843701559419089,0.8950002242454665,0.009223796625687725,16,0.8194271481942715,0.8591731266149871,0.8326996197718631,0.8139240506329114,0.8197596795727636,0.8289967249573593,0.016299766655767454,6,0.6540755467196819,0.6610337972166997,0.6530815109343936,0.6391650099403579,0.610337972166998,0.6435387673956262,0.01805317866361269,14,0.7274737423991156,0.7471910112359551,0.732033426183844,0.7160356347438753,0.6997150997150997,0.724489782855578,0.01591486025201168,14
13.030947065353393,3.017541880367385,0.18005838394165039,0.008799611578281023,1.0,,1.0,"{'model__C': 1.0, 'model__class_weight': None, 'model__l1_ratio': 1.0}",0.8443984823834745,0.864667185860329,0.8510407585920767,0.8329775993216701,0.8260015069702198,0.843817106625554,0.013580393656089915,8,0.8953240049914442,0.9103626647756772,0.8996050991593658,0.8871733204051395,0.8851669229049917,0.8955264024473237,0.009098177921607668,10,0.8170426065162907,0.8589743589743589,0.830379746835443,0.8151898734177215,0.8167330677290837,0.8276639306945797,0.01658684402646428,12,0.6481113320079522,0.6660039761431411,0.6520874751491054,0.6401590457256461,0.6113320079522863,0.6435387673956262,0.01815143095111463,14,0.7228381374722838,0.7502799552071668,0.7305122494432071,0.7171492204899778,0.6992609437180216,0.7240081012661315,0.016693406605602278,18
8.204676294326783,0.4872228896331237,0.18351483345031738,0.01006861291653778,1.0,balanced,0.0,"{'model__C': 1.0, 'model__class_weight': 'balanced', 'model__l1_ratio': 0.0}",0.8413879274018856,0.8644173845481096,0.8500719462659214,0.8321089789315781,0.8247328139373515,0.8425438102169693,0.013875009505588048,16,0.8946186332166309,0.9103563333375544,0.8989904974158687,0.8869471976150378,0.8846122174553951,0.8951049758080973,0.009215042448816161,15,0.7124773960216998,0.7276018099547511,0.704932735426009,0.6957328385899815,0.6942615239887112,0.7070012607962305,0.012230516855723206,17,0.7833001988071571,0.7992047713717694,0.7813121272365805,0.7455268389662028,0.7335984095427436,0.7685884691848905,0.024786397416316015,11,0.7462121212121212,0.7617243012790147,0.7411598302687411,0.7197696737044146,0.7133881101981634,0.7364508073324909,0.017699468128524232,7
14.32740650177002,0.821306776405246,0.19716906547546387,0.02200757502614339,1.0,balanced,1.0,"{'model__C': 1.0, 'model__class_weight': 'balanced', 'model__l1_ratio': 1.0}",0.8444484570029654,0.8648147028308654,0.8508050739830236,0.8328305250544082,0.8260342649794901,0.8437866047701507,0.013616601024498994,10,0.8951846499519045,0.9106435092809838,0.8994061111040763,0.8874347183504975,0.8852972289159897,0.8955932435206904,0.009097085874731861,9,0.7104072398190046,0.7253839205058717,0.7043010752688172,0.6928044280442804,0.6965127238454288,0.7058818774966805,0.011507460585942616,22,0.7803180914512923,0.7982107355864811,0.7813121272365805,0.7465208747514911,0.7345924453280318,0.7681908548707754,0.023743934197747306,12,0.7437233538607295,0.7600567912920019,0.7408105560791706,0.7186602870813397,0.7150459603289792,0.735659389728444,0.016737253046821346,12
10.256712484359742,1.3494604856531505,0.18494076728820802,0.013253362770860064,3.0,,0.0,"{'model__C': 3.0, 'model__class_weight': None, 'model__l1_ratio': 0.0}",0.8405165194592485,0.8643823161029864,0.8500556882024706,0.8319683763626896,0.8241239705933536,0.8422093741441499,0.014057237378311258,19,0.8945991778052667,0.9099113236866335,0.8990027080465343,0.8867093164398504,0.8841145208856105,0.8948674093727791,0.009226820604058038,21,0.82125,0.8615782664941786,0.8316455696202532,0.8088050314465409,0.8175765645805593,0.8281710864283063,0.018238975461861713,9,0.6530815109343936,0.6620278330019881,0.6530815109343936,0.6391650099403579,0.610337972166998,0.6435387673956262,0.018140540309376355,14,0.7275747508305648,0.7487352445193929,0.7316258351893096,0.714047751249306,0.6989186112692088,0.7241804386115563,0.01679717269463726,16
27.484978246688843,5.415797066076758,0.19619903564453126,0.030436872460712385,3.0,,1.0,"{'model__C': 3.0, 'model__class_weight': None, 'model__l1_ratio': 1.0}",0.8428803745732681,0.8646882184671297,0.8502156115963364,0.8322126606968429,0.8250449886459921,0.8430083707959138,0.013865114156347388,13,0.8948511932501486,0.910249151135046,0.8991655164554077,0.8869467453694575,0.8844787442844074,0.8951382700988934,0.00922351798398585,14,0.818295739348371,0.8617571059431525,0.8320610687022901,0.8090452261306532,0.8175765645805593,0.8277471409410051,0.018535473694078822,11,0.6491053677932406,0.6630218687872763,0.6500994035785288,0.6401590457256461,0.610337972166998,0.6425447316103379,0.017677075627015423,19,0.7239467849223947,0.749438202247191,0.7299107142857143,0.7147613762486127,0.6989186112692088,0.7233951377946244,0.016701140361233557,20
11.254755735397339,1.3171621561279692,0.24825601577758788,0.08776619165138609,3.0,balanced,0.0,"{'model__C': 3.0, 'model__class_weight': 'balanced', 'model__l1_ratio': 0.0}",0.8404922230030435,0.8642392104743712,0.8497095273571235,0.831813856804695,0.8242250360459912,0.8420959707370448,0.013971066465491434,20,0.8945199988055282,0.91025819604665,0.8987869869047769,0.8869508155796795,0.8843936834161168,0.8949819361505502,0.009215920001369962,17,0.7124773960216998,0.7249774571686204,0.709009009009009,0.696014828544949,0.6938967136150235,0.7072750808718603,0.011394899816844849,16,0.7833001988071571,0.7992047713717694,0.7823061630218688,0.7465208747514911,0.7345924453280318,0.7691848906560637,0.02442497836878779,5,0.7462121212121212,0.7602836879432624,0.7438563327032136,0.7203836930455636,0.7136648961854176,0.7368801462179156,0.017289068811241294,5
30.59139347076416,3.6318321534310525,0.260394287109375,0.062457576833668205,3.0,balanced,1.0,"{'model__C': 3.0, 'model__class_weight': 'balanced', 'model__l1_ratio': 1.0}",0.8428211432755497,0.8646285001785977,0.8500517353494599,0.8320043360520115,0.8251575868391016,0.8429326603389441,0.013833182143338129,14,0.8947584407075978,0.9105467287268202,0.8990135619404591,0.8870801578156176,0.8847420710149662,0.8952281920410922,0.009225578070738072,13,0.7111913357400722,0.7256317689530686,0.7051971326164874,0.6948051948051948,0.6945488721804511,0.7062748608590549,0.011567844779892313,20,0.7833001988071571,0.7992047713717694,0.7823061630218688,0.7445328031809145,0.7345924453280318,0.7687872763419483,0.0248039317682681,8,0.7455061494796594,0.760643330179754,0.7417530631479736,0.718809980806142,0.7140096618357488,0.7361444370898556,0.017376569039722883,9
12.259962558746338,1.8780645294283969,0.2481698989868164,0.10179872172918511,10.0,,0.0,"{'model__C': 10.0, 'model__class_weight': None, 'model__l1_ratio': 0.0}",0.8393419264711967,0.8643562392146884,0.8497447652246843,0.8317930938574098,0.8232999605841701,0.84170719707043,0.014284900520996208,21,0.8944797306285184,0.9098832844606611,0.8988702000915346,0.8867608724359938,0.88393037315479,0.8947848921542996,0.009240668697514552,22,0.8214731585518102,0.8626943005181347,0.8314321926489227,0.8067754077791719,0.8186666666666667,0.8282083452329413,0.018949677999812387,8,0.6540755467196819,0.6620278330019881,0.6520874751491054,0.6391650099403579,0.610337972166998,0.6435387673956262,0.018151430951114635,14,0.728278915329275,0.749156355455568,0.7309192200557103,0.7132556849694953,0.6993166287015945,0.7241853609023285,0.01687343636127776,15
50.075343656539914,9.628959063857545,0.26177659034729006,0.11262034679573399,10.0,,1.0,"{'model__C': 10.0, 'model__class_weight': None, 'model__l1_ratio': 1.0}",0.8416812361979815,0.8645574270119248,0.8498322577769375,0.8317190949533347,0.824145109592946,0.842387025106625,0.014099847967299925,17,0.8946168234109226,0.9101198088991075,0.8989222083332581,0.8868214733437412,0.8840493678801112,0.8949059363734282,0.009283313696266893,19,0.8202247191011236,0.8626943005181347,0.830379746835443,0.8067754077791719,0.8186666666666667,0.827748168180108,0.019010996850369898,10,0.6530815109343936,0.6620278330019881,0.6520874751491054,0.6391650099403579,0.610337972166998,0.6433399602385685,0.018040037927675005,18,0.7271721084670725,0.749156355455568,0.7305122494432071,0.7132556849694953,0.6993166287015945,0.7238826054073874,0.016792582299468513,19
16.21886372566223,1.5019978264664575,0.24674787521362304,0.1038728627606501,10.0,balanced,0.0,"{'model__C': 10.0, 'model__class_weight': 'balanced', 'model__l1_ratio': 0.0}",0.8395263650451543,0.8640690576358735,0.8493578451581604,0.8314706149628284,0.8234768301936406,0.8415801425991314,0.01414492437553289,22,0.8944462492229146,0.9101835755259164,0.8985943302876102,0.8869051387760787,0.8842633774051186,0.8948785342435277,0.009214064132837893,20,0.7122171945701358,0.7256317689530686,0.709009009009009,0.6976744186046512,0.6941838649155723,0.7077432512104873,0.01119692570088401,15,0.7823061630218688,0.7992047713717694,0.7823061630218688,0.7455268389662028,0.73558648111332,0.7689860834990059,0.024223491603458224,7,0.7456181904310754,0.760643330179754,0.7438563327032136,0.7208073041806824,0.7142857142857143,0.7370421743560879,0.01707877540374541,4
39.881702518463136,4.401286500833342,0.09878334999084473,0.02200433315111892,10.0,balanced,1.0,"{'model__C': 10.0, 'model__class_weight': 'balanced', 'model__l1_ratio': 1.0}",0.8416007493513473,0.8642849974932602,0.8495832782820957,0.8313383616607618,0.8242523902554513,0.8422119554085832,0.014019345078170672,18,0.8945842469081733,0.910378041125404,0.8986689508083437,0.886903329793758,0.8843737755533255,0.894981668837801,0.009258393314006897,18,0.7115732368896925,0.7256317689530686,0.7093862815884476,0.6989748369058714,0.6941838649155723,0.7079499978505305,0.010935225021907323,14,0.7823061630218688,0.7992047713717694,0.7813121272365805,0.7455268389662028,0.73558648111332,0.7687872763419483,0.02411720108806483,8,0.7452651515151515,0.760643330179754,0.7436140018921475,0.7215007215007215,0.7142857142857143,0.7370617838746978,0.016895041496599806,3
