dimension,group_value,rows,actual_at_risk_rate,predicted_at_risk_rate,accuracy,precision_at_risk,recall_at_risk,f1_at_risk,roc_auc,pr_auc,false_negatives
code_module,AAA,81,0.12345679012345678,0.13580246913580246,0.9135802469135802,0.6363636363636364,0.7,0.6666666666666666,0.9605633802816901,0.8394139194139194,3
code_module,BBB,790,0.33544303797468356,0.3329113924050633,0.8202531645569621,0.7338403041825095,0.7283018867924528,0.7310606060606061,0.887475292003594,0.842063563217329,72
code_module,CCC,351,0.33618233618233617,0.32763532763532766,0.8319088319088319,0.7565217391304347,0.7372881355932204,0.7467811158798283,0.8931766930966757,0.8504892878865075,31
code_module,DDD,563,0.3428063943161634,0.38898756660746003,0.8152753108348135,0.7031963470319634,0.7979274611398963,0.7475728155339806,0.9033748774681417,0.8551356707626688,39
code_module,EEE,314,0.1910828025477707,0.20382165605095542,0.9299363057324841,0.796875,0.85,0.8225806451612904,0.9631233595800525,0.9095755549806284,9
code_module,FFF,763,0.3211009174311927,0.3289646133682831,0.8532110091743119,0.7649402390438247,0.7836734693877551,0.7741935483870968,0.9130013395319516,0.8759996033596364,53
code_module,GGG,343,0.33527696793002915,0.3323615160349854,0.7755102040816326,0.6666666666666666,0.6608695652173913,0.6637554585152838,0.8503813882532417,0.7995890175449101,39
code_presentation,2013B,446,0.35201793721973096,0.3901345291479821,0.8183856502242153,0.7183908045977011,0.7961783439490446,0.7552870090634441,0.9007779957243295,0.8747307711369301,32
code_presentation,2013J,976,0.305327868852459,0.32581967213114754,0.8422131147540983,0.7264150943396226,0.7751677852348994,0.75,0.9098315218467264,0.8572622018696044,67
code_presentation,2014B,747,0.3614457831325301,0.37349397590361444,0.8299866131191432,0.7562724014336918,0.7814814814814814,0.7686703096539163,0.9099464244118332,0.8806395119793312,59
code_presentation,2014J,1036,0.27123552123552125,0.25675675675675674,0.8445945945945946,0.7255639097744361,0.6868327402135231,0.7056672760511883,0.8872899531003275,0.8047699591981005,88
region,East Anglian Region,333,0.35735735735735735,0.37537537537537535,0.7837837837837838,0.688,0.7226890756302521,0.7049180327868853,0.8742637241812613,0.8387844744559791,33
region,East Midlands Region,192,0.2708333333333333,0.2864583333333333,0.8697916666666666,0.7454545454545455,0.7884615384615384,0.7663551401869159,0.9039835164835166,0.8285007779763005,11
region,Ireland,128,0.2734375,0.3046875,0.8125,0.6410256410256411,0.7142857142857143,0.6756756756756757,0.8245775729646697,0.7570256667132788,10
region,London Region,292,0.3561643835616438,0.3527397260273973,0.7705479452054794,0.6796116504854369,0.6730769230769231,0.6763285024154589,0.8510638297872342,0.8139087422157053,34
region,North Region,159,0.2138364779874214,0.23270440251572327,0.9056603773584906,0.7567567567567568,0.8235294117647058,0.7887323943661971,0.9383529411764705,0.8715491709241143,6
region,North Western Region,268,0.3283582089552239,0.3246268656716418,0.832089552238806,0.7471264367816092,0.7386363636363636,0.7428571428571429,0.9089646464646466,0.8579642545155443,23
region,Scotland,383,0.3342036553524804,0.30809399477806787,0.8485639686684073,0.7966101694915254,0.734375,0.7642276422764228,0.9125000000000001,0.8794206316802422,34
region,South East Region,206,0.24757281553398058,0.2766990291262136,0.8737864077669902,0.7192982456140351,0.803921568627451,0.7592592592592593,0.9410499683744465,0.8682683131231445,10
region,South Region,330,0.2545454545454545,0.2727272727272727,0.8606060606060606,0.7111111111111111,0.7619047619047619,0.735632183908046,0.9176829268292683,0.8569234417017337,20
region,South West Region,234,0.3162393162393162,0.31196581196581197,0.8675213675213675,0.7945205479452054,0.7837837837837838,0.7891156462585034,0.922972972972973,0.8830088769608551,16
region,Wales,254,0.4251968503937008,0.4094488188976378,0.8503937007874016,0.8365384615384616,0.8055555555555556,0.8207547169811321,0.9268772196854389,0.9134061190508167,21
region,West Midlands Region,218,0.3119266055045872,0.38073394495412843,0.7844036697247706,0.6265060240963856,0.7647058823529411,0.6887417218543046,0.8641176470588235,0.8078059817927283,16
region,Yorkshire Region,208,0.2932692307692308,0.3173076923076923,0.8605769230769231,0.7424242424242424,0.8032786885245902,0.7716535433070866,0.9136835061893609,0.8411068242796372,12
gender,F,1484,0.3160377358490566,0.3288409703504043,0.8133423180592992,0.6967213114754098,0.7249466950959488,0.7105538140020898,0.8832900942157615,0.8200210611489377,129
gender,M,1721,0.31202789076118537,0.3190005810575247,0.8570598489250436,0.7650273224043715,0.7821229050279329,0.7734806629834254,0.9171904096834264,0.8773973857553571,117
age_band,0-35,2221,0.3408374606033318,0.3511931562359298,0.840162089149032,0.7576923076923077,0.7807133421400264,0.7690305790500976,0.9097332005110769,0.875466967797967,166
age_band,35-55,964,0.2551867219917012,0.262448132780083,0.828838174273859,0.6600790513833992,0.6788617886178862,0.6693386773547094,0.8797189573567046,0.7746567481856683,79
age_band,55<=,20,0.15,0.2,0.85,0.5,0.6666666666666666,0.5714285714285714,0.9019607843137254,0.7916666666666666,1
disability,N,2921,0.30708661417322836,0.3146182814104759,0.8404655939746662,0.73449401523395,0.7525083612040134,0.7433920704845814,0.9017453875676937,0.848263637586833,222
disability,Y,284,0.38380281690140844,0.4154929577464789,0.7992957746478874,0.7203389830508474,0.7798165137614679,0.748898678414097,0.903643512450852,0.8833961620573316,24
imd_band,0-10%,295,0.4440677966101695,0.488135593220339,0.7864406779661017,0.7361111111111112,0.8091603053435115,0.7709090909090909,0.8764196611431763,0.8906589493503421,25
imd_band,10-20,353,0.37393767705382436,0.39943342776203966,0.8328611898016998,0.7588652482269503,0.8106060606060606,0.7838827838827839,0.9137186343068695,0.8948154670178726,25
imd_band,20-30%,312,0.3525641025641026,0.34615384615384615,0.8397435897435898,0.7777777777777778,0.7636363636363637,0.7706422018348624,0.9186768676867686,0.8981948195243612,26
imd_band,30-40%,339,0.35103244837758113,0.35398230088495575,0.8023598820058997,0.7166666666666667,0.7226890756302521,0.7196652719665272,0.8922841864018334,0.8468862914364601,33
imd_band,40-50%,342,0.30116959064327486,0.30701754385964913,0.8187134502923976,0.6952380952380952,0.7087378640776699,0.7019230769230769,0.8800828695616849,0.8019819518639966,30
imd_band,50-60%,316,0.3259493670886076,0.3227848101265823,0.8449367088607594,0.7647058823529411,0.7572815533980582,0.7609756097560976,0.9056018961666439,0.8710205032362424,25
imd_band,60-70%,294,0.2585034013605442,0.2857142857142857,0.8367346938775511,0.6666666666666666,0.7368421052631579,0.7,0.8958836310960889,0.799083526460085,20
imd_band,70-80%,289,0.3356401384083045,0.31141868512110726,0.8442906574394463,0.7888888888888889,0.7319587628865979,0.7593582887700535,0.9009342783505154,0.8523954447112714,26
imd_band,80-90%,269,0.20817843866171004,0.21933085501858737,0.8773234200743495,0.6949152542372882,0.7321428571428571,0.7130434782608696,0.9076123407109322,0.80371272595482,15
imd_band,90-100%,280,0.21785714285714286,0.23214285714285715,0.8785714285714286,0.7076923076923077,0.7540983606557377,0.7301587301587301,0.918856201811513,0.82569065970438,15
imd_band,Unknown,116,0.15517241379310345,0.16379310344827586,0.8879310344827587,0.631578947368421,0.6666666666666666,0.6486486486486487,0.8860544217687074,0.6465409112309206,6
