model_name,dataset_split,actual_at_risk,predicted_at_risk,count,threshold,cutoff_day,model_version
logistic_regression,train,0,0,9574,0.3349999999999999,105,lr-oulad-academic-fail-c105-s42-v5
logistic_regression,train,0,1,1414,0.3349999999999999,105,lr-oulad-academic-fail-c105-s42-v5
logistic_regression,train,1,0,1189,0.3349999999999999,105,lr-oulad-academic-fail-c105-s42-v5
logistic_regression,train,1,1,3841,0.3349999999999999,105,lr-oulad-academic-fail-c105-s42-v5
dummy_prior_baseline,train,0,0,10988,0.5,105,dummy-prior-v1
dummy_prior_baseline,train,0,1,0,0.5,105,dummy-prior-v1
dummy_prior_baseline,train,1,0,5030,0.5,105,dummy-prior-v1
dummy_prior_baseline,train,1,1,0,0.5,105,dummy-prior-v1
logistic_regression,validation,0,0,1916,0.3349999999999999,105,lr-oulad-academic-fail-c105-s42-v5
logistic_regression,validation,0,1,282,0.3349999999999999,105,lr-oulad-academic-fail-c105-s42-v5
logistic_regression,validation,1,0,251,0.3349999999999999,105,lr-oulad-academic-fail-c105-s42-v5
logistic_regression,validation,1,1,755,0.3349999999999999,105,lr-oulad-academic-fail-c105-s42-v5
dummy_prior_baseline,validation,0,0,2198,0.5,105,dummy-prior-v1
dummy_prior_baseline,validation,0,1,0,0.5,105,dummy-prior-v1
dummy_prior_baseline,validation,1,0,1006,0.5,105,dummy-prior-v1
dummy_prior_baseline,validation,1,1,0,0.5,105,dummy-prior-v1
logistic_regression,test,0,0,1922,0.3349999999999999,105,lr-oulad-academic-fail-c105-s42-v5
logistic_regression,test,0,1,277,0.3349999999999999,105,lr-oulad-academic-fail-c105-s42-v5
logistic_regression,test,1,0,246,0.3349999999999999,105,lr-oulad-academic-fail-c105-s42-v5
logistic_regression,test,1,1,760,0.3349999999999999,105,lr-oulad-academic-fail-c105-s42-v5
dummy_prior_baseline,test,0,0,2199,0.5,105,dummy-prior-v1
dummy_prior_baseline,test,0,1,0,0.5,105,dummy-prior-v1
dummy_prior_baseline,test,1,0,1006,0.5,105,dummy-prior-v1
dummy_prior_baseline,test,1,1,0,0.5,105,dummy-prior-v1
