probability_bin,rows,mean_predicted_probability,observed_at_risk_rate,dataset_split
"(0.00101, 0.0248]",321,0.015410980665414596,0.018691588785046728,test
"(0.0248, 0.0476]",320,0.035880874270492816,0.046875,test
"(0.0476, 0.075]",321,0.06088575270222041,0.037383177570093455,test
"(0.075, 0.112]",320,0.09204220500400984,0.06875,test
"(0.112, 0.166]",321,0.13653980366690222,0.1308411214953271,test
"(0.166, 0.246]",320,0.2034306163446462,0.21875,test
"(0.246, 0.377]",320,0.30548894334399707,0.31875,test
"(0.377, 0.606]",321,0.4807826569842183,0.5202492211838006,test
"(0.606, 0.962]",320,0.8019657948669172,0.784375,test
"(0.962, 1.0]",321,0.9921857324702736,0.9937694704049844,test
