engagement_quartile,assessment_score_quartile,attempts,at_risk_count,at_risk_rate,ci95_low,ci95_high
Q1 — Lowest,Q1 — Lowest,1507,988,0.6556071665560717,0.6312482138448198,0.6791748270784043
Q1 — Lowest,Q2,869,376,0.4326812428078251,0.4001078254456648,0.46584721276015095
Q1 — Lowest,Q3,488,190,0.38934426229508196,0.3471074622499063,0.43330958461931157
Q1 — Lowest,Q4 — Highest,190,77,0.4052631578947368,0.3380027495052009,0.47627846660295653
Q1 — Lowest,No scored assessment by cutoff,2553,1635,0.6404230317273796,0.6216103185786782,0.6588137951364935
Q2,Q1 — Lowest,1535,891,0.5804560260586319,0.5555982531807131,0.6049121090688787
Q2,Q2,1414,425,0.30056577086280056,0.27723411591246866,0.3249781085282572
Q2,Q3,1172,261,0.2226962457337884,0.19980419390295,0.2474001931137188
Q2,Q4 — Highest,828,107,0.1292270531400966,0.10807916217781388,0.15379941637912542
Q2,No scored assessment by cutoff,658,190,0.2887537993920973,0.25543225498478095,0.32452757331706683
Q3,Q1 — Lowest,1047,505,0.48233046800382046,0.4521830845211145,0.5126070370624751
Q3,Q2,1319,337,0.25549658832448824,0.2326930639389419,0.279720161622484
Q3,Q3,1452,207,0.14256198347107438,0.1255208881876177,0.1614893877521587
Q3,Q4 — Highest,1644,128,0.07785888077858881,0.06586831914891761,0.09181763870206044
Q3,No scored assessment by cutoff,144,30,0.20833333333333334,0.1500109814745541,0.281812806858884
Q4 — Highest,Q1 — Lowest,671,261,0.3889716840536513,0.35281614072999895,0.4263912596861195
Q4 — Highest,Q2,1157,184,0.15903197925669835,0.13909259953768274,0.18122802305487187
Q4 — Highest,Q3,1647,147,0.08925318761384335,0.07642253696653305,0.10399542941617589
Q4 — Highest,Q4 — Highest,2098,96,0.04575786463298379,0.037616306092538646,0.05555982667371542
Q4 — Highest,No scored assessment by cutoff,34,7,0.20588235294117646,0.10349526899031913,0.36798388051163594
