code_module,code_presentation,attempts,at_risk_count,at_risk_rate,ci95_low,ci95_high
AAA,2013J,383,45,0.1174934725848564,0.0889794981834942,0.15360427013020878
AAA,2014J,365,46,0.12602739726027398,0.09582951625166113,0.16401507694328604
BBB,2013B,1767,459,0.2597623089983022,0.2398532228999969,0.28071368286614773
BBB,2013J,2237,521,0.2329012069736254,0.21585245896529187,0.2508657261628509
BBB,2014B,1613,396,0.24550526968381897,0.22512278707028555,0.2670970619934389
BBB,2014J,2292,391,0.1705933682373473,0.15574809548678425,0.18654098366607574
CCC,2014B,1936,375,0.19369834710743802,0.17670806723452265,0.21190176239505137
CCC,2014J,2498,406,0.16253002401921537,0.14858219475162002,0.17751419154987705
DDD,2013B,1303,361,0.27705295471987723,0.25343496273623,0.30198165182059644
DDD,2013J,1938,428,0.22084623323013416,0.20294014756824674,0.23985679391990494
DDD,2014B,1228,259,0.21091205211726385,0.18901414060370433,0.23461298696535807
DDD,2014J,1803,364,0.201885745978924,0.18400011271291786,0.22103899863133866
EEE,2013J,1052,200,0.19011406844106463,0.16754634591795323,0.2149367015575254
EEE,2014B,694,164,0.23631123919308358,0.20621054882088793,0.2693150231069884
EEE,2014J,1188,198,0.16666666666666666,0.14655588084651902,0.18892620518221345
FFF,2013B,1614,421,0.26084262701363076,0.2400066970663331,0.2828142840681596
FFF,2013J,2283,513,0.22470433639947437,0.2080537042106223,0.24227985732615998
FFF,2014B,1500,384,0.256,0.23455711758656544,0.27868944460488315
FFF,2014J,2365,393,0.16617336152219872,0.1517150450720565,0.1817143855382594
GGG,2013J,952,294,0.3088235294117647,0.2802927594367615,0.33889094865526986
GGG,2014B,833,255,0.30612244897959184,0.27577381043588656,0.3382510486393524
GGG,2014J,749,179,0.2389853137516689,0.20982466472743863,0.27080967678120915
