region,attempts,at_risk_count,at_risk_rate,ci95_low,ci95_high
East Anglian Region,3340,698,0.2089820359281437,0.19553155564887226,0.22310116843798983
East Midlands Region,2365,462,0.19534883720930232,0.17986948611683706,0.21181627038060769
Ireland,1184,261,0.2204391891891892,0.1977516839778132,0.24493488409563743
London Region,3216,744,0.23134328358208955,0.21709477679646894,0.24623283665910134
North Region,1823,327,0.1793746571585299,0.16244251443500243,0.19765521361051694
North Western Region,2906,704,0.24225739848589126,0.2270266595774586,0.2581686607864515
Scotland,3446,852,0.24724318049912944,0.23312600478047524,0.26192325449896675
South East Region,2111,375,0.17764092846991947,0.16192631187924653,0.19452662962922065
South Region,3092,544,0.1759379042690815,0.16292122085026264,0.18975880923002833
South West Region,2436,465,0.19088669950738915,0.17577171517515286,0.20697506349138786
Wales,2086,620,0.2972195589645254,0.27799399660905644,0.3171906063046013
West Midlands Region,2582,551,0.2134004647560031,0.19802905338392732,0.22962340575988552
Yorkshire Region,2006,449,0.2238285144566301,0.2061264011316152,0.2425863343245753
