week,At_Risk,total_clicks,active_attempts,eligible_attempts,mean_clicks_per_attempt,active_attempt_rate,actual_status,day_start,day_end
0,0,1345960,13408,15385,87.48521286967826,0.8714982125446864,Pass/Distinction,0,6
0,1,315076,5016,7042,44.742402726498156,0.7122976427151377,Fail,0,6
1,0,1220398,13497,15385,79.32388690282743,0.8772830679233019,Pass/Distinction,7,13
1,1,272251,4777,7042,38.6610337972167,0.6783584209031525,Fail,7,13
2,0,1498958,13869,15385,97.42983425414364,0.9014624634384141,Pass/Distinction,14,20
2,1,392971,5083,7042,55.80389094007384,0.7218119852314683,Fail,14,20
3,0,1147024,13295,15385,74.55469613259669,0.8641533961650959,Pass/Distinction,21,27
3,1,263443,4597,7042,37.410252769099685,0.6527975007100255,Fail,21,27
4,0,1067682,13372,15385,69.39759506012349,0.869158271043224,Pass/Distinction,28,34
4,1,226093,4382,7042,32.10636182902584,0.6222664015904572,Fail,28,34
5,0,902680,13066,15385,58.67273318167046,0.849268768280793,Pass/Distinction,35,41
5,1,174411,3952,7042,24.76725362113036,0.5612042033513206,Fail,35,41
6,0,1006794,13228,15385,65.43997400064998,0.8597985050373741,Pass/Distinction,42,48
6,1,195098,3986,7042,27.704913376881567,0.566032377165578,Fail,42,48
7,0,956876,13210,15385,62.19538511537212,0.8586285342866429,Pass/Distinction,49,55
7,1,183993,3809,7042,26.12794660607782,0.5408974723090031,Fail,49,55
8,0,724167,12635,15385,47.06967825804355,0.821254468638284,Pass/Distinction,56,62
8,1,113517,3323,7042,16.119994319795513,0.4718829877875603,Fail,56,62
9,0,809963,12239,15385,52.646278843028924,0.7955151121221969,Pass/Distinction,63,69
9,1,141766,3105,7042,20.13149673388242,0.44092587333143995,Fail,63,69
10,0,522307,10497,15385,33.949106272343194,0.68228794280143,Pass/Distinction,70,76
10,1,75454,2402,7042,10.71485373473445,0.3410962794660608,Fail,70,76
11,0,463734,9904,15385,30.141956451088724,0.6437439064023399,Pass/Distinction,77,83
11,1,70442,2287,7042,10.003124112468049,0.3247656915648963,Fail,77,83
12,0,671067,11837,15385,43.61826454338642,0.7693857653558661,Pass/Distinction,84,90
12,1,105172,2750,7042,14.934961658619711,0.3905140585061062,Fail,84,90
13,0,822582,12539,15385,53.466493337666556,0.8150146246343841,Pass/Distinction,91,97
13,1,110206,2787,7042,15.64981539335416,0.39576824765691565,Fail,91,97
14,0,729389,12325,15385,47.40909977250569,0.8011049723756906,Pass/Distinction,98,104
14,1,91813,2566,7042,13.037915364953138,0.3643851178642431,Fail,98,104
