region,unadjusted_or,adjusted_or
East Anglian Region,1.124797715566599,1.0399622604666032
Scotland,1.1235421016524767,1.1282863169908663
North Western Region,1.6103019950896285,1.2801695529850372
South East Region,1.018026040707317,0.9347913362717011
West Midlands Region,1.4287385027488653,1.1233175999409293
Wales,1.3122520042390675,1.1158099496984695
South Region,1.0,1.0
South West Region,1.0886840129484148,0.9672896208543017
East Midlands Region,1.2834748016065056,1.0996687599571247
Yorkshire Region,1.324524104260185,1.0412824882499399
London Region,1.470881923026665,1.1405923367189388
North Region,1.593865437445839,1.1911638201677053
Ireland,1.0210954070133405,0.8864907159775925
