activity_type,0,1,ratio
dataplus,0.04910499965708799,0.007195301027900147,6.823644462162895
dualpane,0.8528907482340031,0.30602055800293687,2.7870283185272133
externalquiz,1.4561415540772238,0.9355359765051395,1.556476751476882
forumng,258.47472738495304,92.50660792951543,2.7941217430410354
glossary,2.640628214800082,0.9223201174743025,2.8630247803836655
homepage,201.32151429943076,87.9582966226138,2.2888291354069095
htmlactivity,0.37055071668609835,0.18002936857562407,2.05826783346524
oucollaborate,2.4656059255195117,1.0631424375917768,2.3191658231034005
oucontent,281.75509224333035,115.28384728340676,2.444011858024386
ouelluminate,1.1238598175708114,0.7682819383259912,1.4628202209196333
ouwiki,11.33982580069954,5.555506607929515,2.041186260732309
page,1.8808723681503325,1.338913362701909,1.4047742115147384
questionnaire,1.3431177559838146,0.4901615271659325,2.740147770474374
quiz,148.19443110897743,64.35653450807636,2.302709894791958
repeatactivity,0.0,0.0004405286343612335,0.0
resource,30.914271997805365,17.81057268722467,1.7357257851823062
sharedsubpage,0.00541800973870105,0.0038179148311306903,1.4187301833848192
subpage,96.87037926068172,50.650220264317184,1.9125361517211454
url,16.833276181331872,8.233920704845815,2.0443813755752838
