week,cumulative_rate
-4.0,0.14091225280731393
-3.0,0.17122130577362615
-2.0,0.20848653483056742
-1.0,0.2659246745503329
0.0,0.3367782967305972
1.0,0.442909669084766
2.0,0.4642750670774123
3.0,0.500049686972076
4.0,0.5301599920500845
5.0,0.5516247639868826
6.0,0.5760707542482361
7.0,0.6015104839511081
8.0,0.624366491106032
9.0,0.6462287588194375
10.0,0.6664016694822618
11.0,0.6809102653284309
12.0,0.6979032097783961
13.0,0.7181754943853722
14.0,0.739839014210474
15.0,0.7596144290966909
16.0,0.7747192686077711
17.0,0.7911159693928252
18.0,0.8077114180661831
19.0,0.8239093709629335
20.0,0.8393123323064693
21.0,0.85660339858889
22.0,0.8771738050283215
23.0,0.89595548047302
24.0,0.9135446685878963
25.0,0.9256682897744212
26.0,0.9336182053065686
27.0,0.9415681208387161
28.0,0.9508098976448375
29.0,0.9612441617807811
30.0,0.9709828083076617
31.0,0.9817151942760608
32.0,0.9918513365795488
33.0,0.9982112690052668
34.0,0.9999006260558482
63.0,1.0
