cutoff_day,scope,code_module,code_presentation,eligible_attempts,at_risk_count,at_risk_rate,vle_attempt_coverage,assessment_submission_coverage,mean_due_assessment_count,mean_remaining_course_days,all_attempts,excluded_registered_after_cutoff,excluded_unregistered_by_cutoff,vle_event_rows_observed
30,overall,ALL,ALL,22416,7037,0.31392755174875087,0.9702444682369736,0.7671306209850107,0.8401142041399001,226.05995717344754,32593.0,16.0,5127.0,2412082.0
30,module_presentation,AAA,2013J,322,44,0.13664596273291926,1.0,0.9658385093167702,1.0,238.0,,,,
30,module_presentation,AAA,2014J,299,46,0.15384615384615385,1.0,0.9531772575250836,1.0,239.0,,,,
30,module_presentation,BBB,2013B,1261,459,0.36399682791435367,0.9563838223632039,0.8889770023790642,1.0,210.0,,,,
30,module_presentation,BBB,2013J,1590,519,0.3264150943396226,0.9440251572327044,0.9163522012578617,1.0,238.0,,,,
30,module_presentation,BBB,2014B,1121,394,0.3514719000892061,0.9536128456735058,0.9214986619090099,1.0,204.0,,,,
30,module_presentation,BBB,2014J,1542,391,0.2535667963683528,0.977302204928664,0.9526588845654993,1.0,232.0,,,,
30,module_presentation,CCC,2014B,1038,375,0.36127167630057805,0.9788053949903661,0.8940269749518305,1.0,211.0,,,,
30,module_presentation,CCC,2014J,1421,406,0.2857142857142857,0.9873328641801549,0.9408866995073891,1.0,239.0,,,,
30,module_presentation,DDD,2013B,869,360,0.4142692750287687,0.9827387802071347,0.9182968929804373,2.0,210.0,,,,
30,module_presentation,DDD,2013J,1253,425,0.3391859537110934,0.9872306464485235,0.8994413407821229,1.0,231.0,,,,
30,module_presentation,DDD,2014B,737,259,0.3514246947082768,0.9823609226594301,0.8873812754409769,1.0,211.0,,,,
30,module_presentation,DDD,2014J,1156,364,0.314878892733564,0.9887543252595156,0.9550173010380623,1.0,232.0,,,,
30,module_presentation,EEE,2013J,809,200,0.24721878862793573,0.9715698393077874,0.17552533992583436,0.0,238.0,,,,
30,module_presentation,EEE,2014B,521,164,0.31477927063339733,0.9769673704414588,0.2821497120921305,0.0,211.0,,,,
30,module_presentation,EEE,2014J,881,197,0.22360953461975028,0.9795686719636776,0.2690124858115778,0.0,239.0,,,,
30,module_presentation,FFF,2013B,1203,421,0.34995843724023273,0.9900249376558603,0.942643391521197,1.0,210.0,,,,
30,module_presentation,FFF,2013J,1605,510,0.3177570093457944,0.9931464174454828,0.9451713395638629,1.0,238.0,,,,
30,module_presentation,FFF,2014B,1037,383,0.36933461909353904,0.9845708775313404,0.9064609450337512,1.0,211.0,,,,
30,module_presentation,FFF,2014J,1509,392,0.2597746852220013,0.9900596421471173,0.9357190192180251,1.0,239.0,,,,
30,module_presentation,GGG,2013J,886,294,0.33182844243792325,0.8724604966139955,0.013544018058690745,0.0,231.0,,,,
30,module_presentation,GGG,2014B,733,255,0.3478854024556617,0.9113233287858117,0.027285129604365622,0.0,211.0,,,,
30,module_presentation,GGG,2014J,623,179,0.28731942215088285,0.913322632423756,0.01765650080256822,0.0,239.0,,,,
60,overall,ALL,ALL,22422,7040,0.313977343680314,0.9792614396574792,0.9191419141914191,1.9562483275354563,196.05891535099457,32593.0,8.0,6232.0,3609421.0
60,module_presentation,AAA,2013J,323,45,0.1393188854489164,1.0,0.9845201238390093,2.0,208.0,,,,
60,module_presentation,AAA,2014J,299,46,0.15384615384615385,1.0,0.9765886287625418,2.0,209.0,,,,
60,module_presentation,BBB,2013B,1261,459,0.36399682791435367,0.9627279936558287,0.9119746233148295,3.0,180.0,,,,
60,module_presentation,BBB,2013J,1591,519,0.3262099308610937,0.9610307982401005,0.9415461973601509,3.0,208.0,,,,
60,module_presentation,BBB,2014B,1122,395,0.3520499108734403,0.9679144385026738,0.9349376114081996,3.0,174.0,,,,
60,module_presentation,BBB,2014J,1543,391,0.25340246273493194,0.9812054439403759,0.9617627997407647,2.0,202.0,,,,
60,module_presentation,CCC,2014B,1038,375,0.36127167630057805,0.9797687861271677,0.9219653179190751,2.0,181.0,,,,
60,module_presentation,CCC,2014J,1421,406,0.2857142857142857,0.9915552427867699,0.9662209711470795,2.0,209.0,,,,
60,module_presentation,DDD,2013B,870,360,0.41379310344827586,0.9827586206896551,0.9333333333333333,4.0,180.0,,,,
60,module_presentation,DDD,2013J,1253,425,0.3391859537110934,0.9872306464485235,0.9385474860335196,2.0,201.0,,,,
60,module_presentation,DDD,2014B,737,259,0.3514246947082768,0.9864314789687924,0.9294436906377205,2.0,181.0,,,,
60,module_presentation,DDD,2014J,1156,364,0.314878892733564,0.990484429065744,0.9688581314878892,2.0,202.0,,,,
60,module_presentation,EEE,2013J,809,200,0.24721878862793573,0.9814585908529048,0.9258343634116193,1.0,208.0,,,,
60,module_presentation,EEE,2014B,521,164,0.31477927063339733,0.982725527831094,0.9059500959692899,1.0,181.0,,,,
60,module_presentation,EEE,2014J,881,197,0.22360953461975028,0.9829738933030647,0.9364358683314415,1.0,209.0,,,,
60,module_presentation,FFF,2013B,1203,421,0.34995843724023273,0.9916874480465503,0.9542809642560266,2.0,180.0,,,,
60,module_presentation,FFF,2013J,1605,510,0.3177570093457944,0.994392523364486,0.9582554517133957,2.0,208.0,,,,
60,module_presentation,FFF,2014B,1038,384,0.3699421965317919,0.98747591522158,0.930635838150289,2.0,181.0,,,,
60,module_presentation,FFF,2014J,1509,392,0.2597746852220013,0.9933730947647449,0.9701789264413518,2.0,209.0,,,,
60,module_presentation,GGG,2013J,886,294,0.33182844243792325,0.9345372460496614,0.6805869074492099,0.0,201.0,,,,
60,module_presentation,GGG,2014B,733,255,0.3478854024556617,0.9495225102319236,0.679399727148704,0.0,181.0,,,,
60,module_presentation,GGG,2014J,623,179,0.28731942215088285,0.9518459069020867,0.6934189406099518,0.0,209.0,,,,
90,overall,ALL,ALL,22426,7042,0.3140105234995095,0.9809150093641309,0.9388210113261393,2.7951038972621065,166.05712119860877,32593.0,4.0,7031.0,4400802.0
90,module_presentation,AAA,2013J,323,45,0.1393188854489164,1.0,0.9876160990712074,2.0,178.0,,,,
90,module_presentation,AAA,2014J,299,46,0.15384615384615385,1.0,0.9765886287625418,2.0,179.0,,,,
90,module_presentation,BBB,2013B,1262,459,0.36370839936608557,0.9635499207606973,0.9144215530903328,5.0,150.0,,,,
90,module_presentation,BBB,2013J,1591,519,0.3262099308610937,0.961659333752357,0.9415461973601509,3.0,178.0,,,,
90,module_presentation,BBB,2014B,1123,396,0.352626892252894,0.9679430097951914,0.9367764915405165,5.0,144.0,,,,
90,module_presentation,BBB,2014J,1543,391,0.25340246273493194,0.9825016202203499,0.9656513285806869,2.0,172.0,,,,
90,module_presentation,CCC,2014B,1038,375,0.36127167630057805,0.9797687861271677,0.9277456647398844,3.0,151.0,,,,
90,module_presentation,CCC,2014J,1421,406,0.2857142857142857,0.9922589725545391,0.9711470795214637,3.0,179.0,,,,
90,module_presentation,DDD,2013B,870,360,0.41379310344827586,0.9839080459770115,0.9344827586206896,6.0,150.0,,,,
90,module_presentation,DDD,2013J,1253,425,0.3391859537110934,0.9872306464485235,0.9393455706304868,3.0,171.0,,,,
90,module_presentation,DDD,2014B,738,259,0.3509485094850949,0.986449864498645,0.9322493224932249,3.0,151.0,,,,
90,module_presentation,DDD,2014J,1156,364,0.314878892733564,0.990484429065744,0.9688581314878892,3.0,172.0,,,,
90,module_presentation,EEE,2013J,809,200,0.24721878862793573,0.9839307787391842,0.9283065512978986,2.0,178.0,,,,
90,module_presentation,EEE,2014B,521,164,0.31477927063339733,0.982725527831094,0.9117082533589251,2.0,151.0,,,,
90,module_presentation,EEE,2014J,882,198,0.22448979591836735,0.9841269841269841,0.9410430839002267,2.0,179.0,,,,
90,module_presentation,FFF,2013B,1203,421,0.34995843724023273,0.9916874480465503,0.9559434746467166,3.0,150.0,,,,
90,module_presentation,FFF,2013J,1605,510,0.3177570093457944,0.994392523364486,0.9588785046728971,2.0,178.0,,,,
90,module_presentation,FFF,2014B,1038,384,0.3699421965317919,0.9884393063583815,0.9315992292870906,3.0,151.0,,,,
90,module_presentation,FFF,2014J,1509,392,0.2597746852220013,0.9940357852882704,0.9701789264413518,2.0,179.0,,,,
90,module_presentation,GGG,2013J,886,294,0.33182844243792325,0.9469525959367946,0.8476297968397292,1.0,171.0,,,,
90,module_presentation,GGG,2014B,733,255,0.3478854024556617,0.9631650750341064,0.8663028649386084,1.0,151.0,,,,
90,module_presentation,GGG,2014J,623,179,0.28731942215088285,0.9598715890850722,0.8764044943820225,1.0,179.0,,,,
105,overall,ALL,ALL,22427,7042,0.31399652204931555,0.9815401079056495,0.9398938779150131,3.122129575957551,151.05734159718196,32593.0,3.0,7458.0,4840841.0
105,module_presentation,AAA,2013J,323,45,0.1393188854489164,1.0,0.9876160990712074,2.0,163.0,,,,
105,module_presentation,AAA,2014J,299,46,0.15384615384615385,1.0,0.9765886287625418,2.0,164.0,,,,
105,module_presentation,BBB,2013B,1262,459,0.36370839936608557,0.9635499207606973,0.9152139461172741,5.0,135.0,,,,
105,module_presentation,BBB,2013J,1591,519,0.3262099308610937,0.9641734758013828,0.9428032683846638,5.0,163.0,,,,
105,module_presentation,BBB,2014B,1123,396,0.352626892252894,0.9679430097951914,0.9367764915405165,5.0,129.0,,,,
105,module_presentation,BBB,2014J,1543,391,0.25340246273493194,0.9825016202203499,0.9656513285806869,2.0,157.0,,,,
105,module_presentation,CCC,2014B,1038,375,0.36127167630057805,0.9797687861271677,0.9296724470134875,4.0,136.0,,,,
105,module_presentation,CCC,2014J,1421,406,0.2857142857142857,0.9936664320900774,0.9711470795214637,3.0,164.0,,,,
105,module_presentation,DDD,2013B,870,360,0.41379310344827586,0.9839080459770115,0.9344827586206896,6.0,135.0,,,,
105,module_presentation,DDD,2013J,1254,425,0.33891547049441784,0.9872408293460925,0.9393939393939394,3.0,156.0,,,,
105,module_presentation,DDD,2014B,738,259,0.3509485094850949,0.986449864498645,0.9322493224932249,3.0,136.0,,,,
105,module_presentation,DDD,2014J,1156,364,0.314878892733564,0.990484429065744,0.9688581314878892,3.0,157.0,,,,
105,module_presentation,EEE,2013J,809,200,0.24721878862793573,0.9839307787391842,0.9283065512978986,2.0,163.0,,,,
105,module_presentation,EEE,2014B,521,164,0.31477927063339733,0.982725527831094,0.9117082533589251,2.0,136.0,,,,
105,module_presentation,EEE,2014J,882,198,0.22448979591836735,0.9841269841269841,0.9410430839002267,2.0,164.0,,,,
105,module_presentation,FFF,2013B,1203,421,0.34995843724023273,0.9925187032418953,0.9559434746467166,3.0,135.0,,,,
105,module_presentation,FFF,2013J,1605,510,0.3177570093457944,0.994392523364486,0.9588785046728971,3.0,163.0,,,,
105,module_presentation,FFF,2014B,1038,384,0.3699421965317919,0.9884393063583815,0.9335260115606936,3.0,136.0,,,,
105,module_presentation,FFF,2014J,1509,392,0.2597746852220013,0.9940357852882704,0.9708416169648774,3.0,164.0,,,,
105,module_presentation,GGG,2013J,886,294,0.33182844243792325,0.9525959367945824,0.8600451467268623,1.0,156.0,,,,
105,module_presentation,GGG,2014B,733,255,0.3478854024556617,0.9631650750341064,0.869031377899045,1.0,136.0,,,,
105,module_presentation,GGG,2014J,623,179,0.28731942215088285,0.9630818619582665,0.8812199036918138,1.0,164.0,,,,
